Eric Jallot <ejallot@gmail.com>
Eric Jallot <eric.jallot@numergy.com>
Guillaume Giamarchi <guillaume.giamarchi@gmail.com>
Maxime Terras <max@e-terras.com>
Maxime Terras <maxime.terras@numergy.com>
maxiterr <max@e-terras.com>
maxiterr <maxime.terras@numergy.com>
mterras <mterras@ad.testbed.dcn>
